Temp,Irr,hours
13.07,284.6411764705882,340
-0.2113636363636342,38.07272727272749,440
6.061392405063291,279.9082278481013,316
12.261849710982656,37.2389210019268,520
6.288390092879254,32.739938080495364,645
12.373170731707319,563.7378048780489,164
-9.2,0.0,1
