Temp,Irr,hours
-0.2113636363636333,38.07272727272745,440
6.302311248073959,32.63174114021584,648
12.28220502901354,37.63249516441019,518
12.38159509202454,564.6196319018403,163
13.061470588235292,285.414705882353,340
6.061392405063291,279.9082278481013,316
