Temp,Irr,Hours,Q_th
6.385454545454547,37.757024793388354,607,5027133.094487837
12.68440860215054,519.8118279569894,186,0.0
5.367434210526317,270.00328947368416,303,1724791.4977757938
-0.08075880758807408,30.333333333333186,367,5527067.044388215
12.518731988472624,269.8616714697406,347,0.0
12.663779527559056,41.58530183727028,382,786753.2674597607
-9.2,0.0,1,24930.54165524811
