Temp,Irr,Hours,Q_th
6.385454545454547,37.75702479338837,607,5027133.094487836
12.68440860215054,519.8118279569894,186,0.0
5.3674342105263175,270.00328947368416,303,1724791.4977757938
-0.0807588075880723,30.333333333333186,367,5527067.044388215
12.518731988472624,269.8616714697406,347,0.0
12.663779527559058,41.585301837270265,382,786753.2674597412
-9.2,0.0,1,24930.54165524811
