Temp,Irr
3.713138686131386,24.15085158150849
6.6967532467532465,364.3571428571428
12.882812500000002,31.585937499999986
12.451219512195122,644.7804878048782
8.131683168316831,17.148514851485075
13.33841463414634,419.9878048780488
1.6534482758620683,218.95689655172413
13.427155172413794,236.8060344827586
8.033478260869565,184.22173913043477
-1.451680672268906,20.96218487394951
