Temp,Irr,hours
6.36328125,32.72968749999997,640
12.373170731707315,563.7378048780488,164
12.284854368932042,37.34757281553398,515
0.0679458239277686,38.90519187358913,444
6.08594249201278,280.8146964856229,312
13.07,284.6411764705882,340
