Temp,Irr
0.2537974683544322,42.32278481012658
6.843922651933702,282.10773480662976
12.751457975986277,75.57289879931388
13.059451219512198,452.75609756097566
6.724251497005987,29.633233532934156
