Temp,Irr,hours
13.051026392961877,285.5718475073314,341
6.296754250386399,32.44667697063372,646
-0.21708428246013334,37.758542141230095,439
12.276447876447877,37.61389961389962,519
12.38159509202454,564.6196319018405,163
6.041324921135646,279.0063091482649,317
