,Temp,Irr,hours,BI,BS,CE,CH,CM,GC,GR,MA,ME,PH
0,6.36328125,32.72968749999997,640,171605.95900603256,225131.804456199,492213.8313023773,1690876.1365263336,605392.7327180161,734116.3417552785,322811.19007225503,797076.0628166788,702175.4153729418,1600187.5006889442
1,12.373170731707315,563.7378048780488,164,0.0,0.0,0.0,0.0,0.0,0.0,0.0,37875.500766045414,0.0,0.0
2,12.284854368932042,37.34757281553398,515,70937.40211489999,85979.3329308556,198070.45136932228,723679.7976486813,245781.43296256184,293611.96434567607,131347.59570838028,353514.0180656247,297621.6551415811,690329.7607440534
3,0.0679458239277686,38.90519187358913,444,178023.04133873575,239633.40747652715,515582.82500370056,1732827.3126172365,631904.6115904019,771001.0237527081,336869.68790417316,812312.3651646293,724622.3154778667,1634830.5190958933
4,6.08594249201278,280.8146964856229,312,45406.99330631435,53128.40444908757,130652.53617362835,468982.70407791756,156667.07149011194,201067.50534089145,86578.3795179235,330996.6224180129,233191.26734365386,442853.64110946015
5,13.07,284.6411764705882,340,0.0,0.0,0.0,17920.375969122295,0.0,0.0,0.0,137188.880214333,46831.10055270041,20155.361051411997
