,Temp,Irr,hours,BI,BS,CE,CH,CM,GC,GR,MA,ME,PH
0,6.36328125,32.72968749999997,640,212382.4626890302,288404.7361481725,626398.9436007317,2056633.4310560208,756454.2617763571,951033.5993950918,408030.10486712836,1108156.668860237,929909.2728649835,1927904.0831348207
1,12.373170731707315,563.7378048780488,164,-12094.742706152663,-23048.72682135818,-31661.359913651162,-95496.21121960954,-46335.55659644904,-36492.60828437071,-19972.24884782807,130540.4829204376,23793.604072895218,-94340.87446523528
2,12.284854368932042,37.34757281553398,515,97209.90307472604,131323.77742455518,287123.16500551143,943572.3838756792,345902.3381314892,437118.87751065794,187096.32828324148,527163.4386943014,433536.1002107167,884015.3443129003
3,0.0679458239277686,38.90519187358913,444,212447.83230938134,288753.80200997833,626434.152804205,2056416.7622651847,756815.0685583242,950632.1548645217,408027.43513662403,1100888.9282133535,927179.8233636846,1927890.4420750742
4,6.08594249201278,280.8146964856229,312,67302.9311010804,85665.6101385339,201970.80038080495,670435.873870503,236900.14960228425,316654.33560017875,132125.27616073375,518617.65313322376,361049.77857845294,624302.1700860291
5,13.07,284.6411764705882,340,16235.427785973578,15313.930540823125,51960.95672465863,179196.21187046912,54516.321816589414,90656.68486315299,34509.15747287339,281525.5397918113,149090.91194492142,163079.10204344738
