,BI,BS,CE,CH,CM,GC,GR,MA,ME,PH
0,17653.758288378594,25905.892171804488,51455.16100937675,164577.36911960278,63880.83643282714,75569.60053963782,33286.10787653196,48020.30822002723,59386.504546434866,155066.46975125995
1,39820.30827956263,57676.06492227431,115664.29976509305,373839.77330957213,143631.19560812312,169947.89349487404,74959.69230915121,115438.70716056674,136305.65604600083,352632.04818666365
2,20995.171445047687,30504.66696226735,60985.90692966357,196798.96330423455,75781.45901490294,89505.49517924669,39510.07256699638,58640.047943080484,71195.15499077801,185639.48305024818
3,31100.219573592854,44919.43682882799,90137.52910264302,292460.7961300859,112087.74972009423,132219.17274162022,58448.63213229945,86623.10767585385,105537.59187524927,276101.4836813816
4,12594.790372105674,18126.35693657029,36663.61305566935,118618.57041310378,45373.26772241198,54077.15798198065,23771.87604600461,38427.09113758557,44299.995195959564,111791.54992767097
5,24791.655010447408,35961.50142374731,72142.38604509924,232547.89316754352,89465.91632969897,106122.45964454088,46737.00739071775,72091.99925333998,85182.99620712812,219212.48077327863
6,670.584033052041,925.2683240209951,1970.3808440008454,6446.403077995921,2395.6631676328775,2968.1652634729603,1281.9557790915785,3095.3779206324753,2775.6590988400994,6052.188379870606
