,BI,BS,CE,CH,CM,GC,GR,MA,ME,PH
0,17666.45211490366,25925.902871878716,51516.62541147793,164656.15198465512,63933.89286556142,75673.77099659177,33322.62117031715,48233.59545430444,59474.08356788887,155122.5054774996
1,39908.46966400641,57879.30643918387,115996.06921460487,374373.59765824664,144002.60972073642,170428.4352828548,75157.24878601448,115755.13524336467,136712.5278045353,353057.47029159137
2,20897.83053127498,30272.210149882318,60592.70475937142,196165.77668416995,75373.62500604722,88838.55586557637,39274.54569528854,58282.794955408266,70811.766890587,185150.36537450145
3,30912.76795663443,44493.80187760359,89425.36886987652,291213.94689421414,111309.57827392258,131116.4698471199,58018.9993808422,86163.55958731257,104898.93966367003,275091.7866478595
4,12577.21593747907,18095.454234532383,36572.57365371078,118457.19035800008,45305.424560870095,53887.16936566327,23715.599979097016,38331.587372411705,44136.56803304637,111679.21930494675
5,24762.16836495904,35888.95053582655,72019.15640144052,232365.02777305772,89344.53921063247,105898.57100847177,46662.27748275456,71884.17021894405,84931.30464300636,219077.3063580795
6,669.7538422908727,923.0919570529587,1967.0601732517337,6441.115878358701,2392.151337226215,2962.5035837906635,1279.9691417880006,3090.1131483373147,2770.855132852629,6047.957348321499
