,a,b,c,Cond_cost,Evap_cost,comp1_cost,comp2_cost,Total_cost
R290_LT,1e-10,0.000979716396170892,0.3075149475687366,91961515.26752746,2720501.456283826,740696.3495403805,877159.6685973788,96299872.74194905
R290_MT,1e-10,0.0037071826050629423,0.34269352711984696,142235883.72195223,3316165.652892331,877817.4748118691,1136931.9224474025,147566798.77210385
R1270_LT,0.0006433064952009019,9.999999999999998e-11,0.40546869224791715,69257310.81364542,3527543.2361101345,541768.2926913127,617349.7731441715,73943972.11559103
R1270_MT,1.6394911397848165e-05,1e-10,0.5002348322465653,67594647.13993835,4885955.586793244,673816.8108989877,861172.9364171954,74015592.47404778
