,a,b,c,Cond_area,Evap_area,DTlnCond,DTlnEvap,Cond_cost,Evap_cost,comp1_cost,comp2_cost,Total_cost,Fmin,Fmax,cinv1,cinv2
R290_LT,1e-10,0.000979717094085849,0.3075149523065195,1451.2613169421584,2523.362294749012,4.813330251727788,1.9974935864298262,119389.99677989031,237185.7142209844,64577.28308904914,76474.77710462427,497627.7711945481,0.671591,5.23905,20295.45066059474,91.11047242037266
R290_MT,9.999999999999999e-11,0.0037071746503759464,0.34269346621723334,1814.8749973650229,2925.8022409532196,4.491012702527933,1.8953206254728538,155968.5508360477,289118.4333092691,76532.12764801121,99122.90597141675,620742.0177647447,0.476705,6.112970000000001,11946.392298677703,99.59080863574775
R1270_LT,0.0006432984167236027,1e-10,0.4054698925125475,1249.9695951654396,3061.319918893695,5.8451128424178345,1.9701872045810096,100647.13533594365,307547.2942569507,47233.82858239726,53823.3664713343,509251.62464662595,2.37161,5.47966,9626.318915328127,91.17815808486253
R1270_MT,1.6387623329889885e-05,1e-10,0.5002356300499415,1233.8873867767782,3861.3291307904133,6.759125743060038,1.688199351190495,99196.29989643369,425979.87324314093,58746.4201417831,75080.9809419874,659003.574223345,3.36667,6.255,-70083.81856505154,116.56073425873646
